tree_x,tree_y,tree_angle
0,0,218.024
-0.430963,-0.551608,266.393
-0.563816,-0.205212,17.0378
-0.149843,0.370874,66.4904
0.594161,-0.0835039,350.787
0.615112,-0.911941,338.069
0.216312,0.66574,293.865
-0.861926,-1.10322,356.136
-0.104528,-0.994522,246.236
-1.09732,0.0767321,158.838
