iteration,global_best,current_score
0,3.40315,3.40315
1,3.40315,3.65381
2,3.40315,3.60735
3,3.40315,3.45547
4,3.36092,3.36092
5,3.36092,3.63924
6,3.36092,3.62437
7,3.35487,3.35487
8,3.35487,3.7082
9,3.35487,3.45339
