tree_x,tree_y,tree_angle
0,0,35.6995
0.0209397,0.599634,298.008
0.424024,0.26496,212.362
0.383022,-0.321394,105.954
0.919253,0.771345,183.998
