config,score,sum_score
1,0.661250,0.661250
2,0.501974,1.163224
3,0.470012,1.633236
4,0.580477,2.213713
5,0.596725,2.810439
6,0.540201,3.350639
7,0.620168,3.970807
8,0.581321,4.552128
9,0.571609,5.123737
10,0.597990,5.721727
